{
    "response_text":[
       {
          "ppt":"17",
          "int_diff_prem":"0.0",
          "loan_int":"0.0",
          "pusa_factor":"0.0",
          "fup":"2022-02-16",
          "sum_assured":"320000.0",
          "age_factor":"1.0",
          "dob_date":"2001-01-01",
          "cvb_bonus":"41828.92543646286",
          "wfthread":"4503066",
          "cvb_factor":"0.3643634619900946",
          "int_due":"0.0",
          "gst_int_diff_prem":"0.0",
          "diff_cvb_value":"-41829",
          "premium":"None",
          "actual_ssv_values":"None",
          "plan_name":"EP0032",
          "sb_amount":"0",
          "gsv_value":"172904.28543646284",
          "audited_result":"PASS",
          "type_flag":"1",
          "actual_gsv_factor":"0.65",
          "surrender_values":"None",
          "ph_end_date":"2001-01-01",
          "outstanding_years":"8-5-12.813141683778184",
          "deposit_balance":"0.0",
          "policy_no":"17003702002",
          "ph_start_date":"2001-01-01",
          "series":"1",
          "audited_terminal_bonus":"0.0",
          "policy_year":"2010_2011",
          "loan_amt":"0.0",
          "ssv_status":"Fail",
          "ph_flag":"N",
          "system_bonus":"114800.0",
          "actual_ssv_factor":"None",
          "dom":"2030-11-16",
          "diff_ssv_factor":"-0.6874",
          "ssv_values":"224480.5788235294",
          "policy_term":"20",
          "total_bonus":"114799.99999999999",
          "diff_ssv_value":"-224480.5788235294",
          "product_code":"17",
          "diff_gsv_value":"-172904.28543646284",
          "ppa":"19673.6",
          "fup_doc_value":"11-3-0.0",
          "frequency":"3",
          "dos":"2022-06-03",
          "loan_clr_amt":"0.0",
          "loan_avb_clr_amt":"0.0",
          "loan_int_clr_amt":"0.0",
          "gsv_status":"Fail",
          "data_error":"None",
          "actual_cvb_value":"None",
          "audited_net_payable":"224480.5788235294",
          "doc":"2010-11-16",
          "actual_gsv_value":"None",
          "ssv_value":"0.6874",
          "cvb_status":"Fail",
          "postal_charges":"0.0",
          "actual_net_payable":"224481.0",
          "bank_charges":"0.0"
       }
    ],
    "response_message":"Successful Output",
    "response_code":1
 }