

{
   "response_text":
   [
   
      {
         "maya":"maya kk",
         "annualized_premium": "150000.0",
         "assignment_flag": "N",
         "audited_fund_details": "{'FN369': \"units[7980.1836]nav:[Decimal('17.5032')]\"}",
         "audited_fund_value": "161588.46697100234",
         "audited_nav": "20.7506",
         "audited_net_payable": "165593.59781016",
         "audited_payable_result": "PASS",
         "audited_result": "PASS",
         "bank_postal_charges": "0.0",
         "code": "53",
         "doc": "2018-03-23",
         "dop": "2019-07-06",
         "dop_nav_date": "2019-07-08",
         "eligibility_criteria": "Eligible for LTR",
         "exit_payout_amount": "0.0",
         "exit_payout_status": "NA",
         "fund_details_dop": "{'FN369': 139678.74958752}",
         "fund_name": "FN369",
         "fup": "2019-03-23",
         "interest": "21909.717383482362",
         "ltr_dt": "2023-03-23",
         "ltr_nav_date": "2023-03-23",
         "max_dt": "2023-03-23",
         "nav_v_dop": "17.5032",
         "plan_id": "UN0002",
         "policy_no": "53646158910",
         "policy_term": "5",
         "precheck_status": "PASS",
         "prechecking_remarks": "ltr_eligibility:PASSunit_check:PASSfund_at_ltr_check:PASSfund_dop_dsc_checkPass",
         "proposal_category": "H",
         "proposal_num": "53AK886824",
         "remarks": "Proposal category is either Emp-Emp or Keyman or HUF or MWP",
         "restrict_indicator": "N",
         "sa": "0.0",
         "suspend_indicator": "N",
         "sys_ltr_amount": "177393.6",
         "sys_nav": "20.7506",
         "sys_net_payable": "165593.6",
         "sys_units": "7980.1836",
         "system_mortality": "996.02",
         "system_surrender_charges": "0.0",
         "tds_ltr": "0.0",
         "trmn_status_code": "0",
         "wfthread": "5397570"
      },
      {
         "annualized_premium": "oooooooo.0",
         "assignment_flag": "N",
         "audited_fund_details": "{'FN369': \"units[7980.1836]nav:[Decimal('17.5032')]\"}",
         "audited_fund_value": "161588.46697100234",
         "audited_nav": "20.7506",
         "audited_net_payable": "165593.59781016",
         "audited_payable_result": "PASS",
         "audited_result": "PASS",
         "bank_postal_charges": "0.0",
         "code": "53",
         "doc": "2018-03-23",
         "dop": "2019-07-06",
         "dop_nav_date": "2019-07-08",
         "eligibility_criteria": "Eligible for LTR",
         "exit_payout_amount": "0.0",
         "exit_payout_status": "NA",
         "fund_details_dop": "{'FN369': 139678.74958752}",
         "fund_name": "FN369",
         "fup": "2019-03-23",
         "interest": "21909.717383482362",
         "ltr_dt": "2023-03-23",
         "ltr_nav_date": "2023-03-23",
         "max_dt": "2023-03-23",
         "nav_v_dop": "17.5032",
         "plan_id": "UN0002",
         "policy_no": "53646158910",
         "policy_term": "5",
         "precheck_status": "PASS",
         "prechecking_remarks": "ltr_eligibility:PASSunit_check:PASSfund_at_ltr_check:PASSfund_dop_dsc_checkPass",
         "proposal_category": "H",
         "proposal_num": "53AK886824",
         "remarks": "Proposal category is either Emp-Emp or Keyman or HUF or MWP",
         "restrict_indicator": "Y",
         "sa": "0.0",
         "suspend_indicator": "Y",
         "sys_ltr_amount": "177393.6",
         "sys_nav": "20.7506",
         "sys_net_payable": "165593.6",
         "sys_units": "7980.1836",
         "system_mortality": "996.02",
         "system_surrender_charges": "0.0",
         "tds_ltr": "0.0",
         "trmn_status_code": "0",
         "wfthread": "5397570"
      },
      {
         "annualized_premium": "oooooooo.0",
         "assignment_flag": "N",
         "audited_fund_details": "{'FN369': \"units[7980.1836]nav:[Decimal('17.5032')]\"}",
         "audited_fund_value": "161588.46697100234",
         "audited_nav": "20.7506",
         "audited_net_payable": "165593.59781016",
         "audited_payable_result": "PASS",
         "audited_result": "FAIL",
         "bank_postal_charges": "0.0",
         "code": "53",
         "doc": "2018-03-23",
         "dop": "2019-07-06",
         "dop_nav_date": "2019-07-08",
         "eligibility_criteria": "Eligible for LTR",
         "exit_payout_amount": "0.0",
         "exit_payout_status": "NA",
         "fund_details_dop": "{'FN369': 139678.74958752}",
         "fund_name": "FN369",
         "fup": "2019-03-23",
         "interest": "21909.717383482362",
         "ltr_dt": "2023-03-23",
         "ltr_nav_date": "2023-03-23",
         "max_dt": "2023-03-23",
         "nav_v_dop": "17.5032",
         "plan_id": "UN0002",
         "policy_no": "53646158910",
         "policy_term": "5",
         "precheck_status": "PASS",
         "prechecking_remarks": "ltr_eligibility:PASSunit_check:PASSfund_at_ltr_check:PASSfund_dop_dsc_checkPass",
         "proposal_category": "H",
         "proposal_num": "53AK886824",
         "remarks": "Proposal category is either Emp-Emp or Keyman or HUF or MWP",
         "restrict_indicator": "N",
         "sa": "0.0",
         "suspend_indicator": "Y",
         "sys_ltr_amount": "177393.6",
         "sys_nav": "20.7506",
         "sys_net_payable": "165593.6",
         "sys_units": "7980.1836",
         "system_mortality": "996.02",
         "system_surrender_charges": "0.0",
         "tds_ltr": "0.0",
         "trmn_status_code": "0",
         "wfthread": "5397570"
      }
   ],
   "response_message":"Successful Output",
   "response_code":1,
   "displayedColumns":
    [ 
     
      "FREQUENCY",
      "UIN",
      "PPA",
      "SUM_ASSURED",
      "NET_PAYABLE",
      "SYSTEM_CVB_BONUS",
         "SYSTEM_SSV",
         "CODE",
         "PAYOUT_DATE",
         "FUP",
         "DOS",
         "INT_DIFF_PREM",
         "ID",
         "SYSTEM_GSV"

    ]



}