[{"Serial No.":1,"Test Center Id":1010,"Test Date":1607472000000,"Test Slot":"09:00-12:00","Start Minute":120,"End Minute":60},{"Serial No.":2,"Test Center Id":1011,"Test Date":1607472000000,"Test Slot":"09:00-12:00","Start Minute":120,"End Minute":60},{"Serial No.":3,"Test Center Id":1012,"Test Date":1607472000000,"Test Slot":"09:00-12:00","Start Minute":120,"End Minute":60},{"Serial No.":4,"Test Center Id":1013,"Test Date":1607472000000,"Test Slot":"09:00-12:00","Start Minute":120,"End Minute":60},{"Serial No.":5,"Test Center Id":1014,"Test Date":1607472000000,"Test Slot":"09:00-12:00","Start Minute":120,"End Minute":60},{"Serial No.":6,"Test Center Id":1015,"Test Date":1607472000000,"Test Slot":"09:00-12:00","Start Minute":120,"End Minute":60},{"Serial No.":7,"Test Center Id":1016,"Test Date":1607472000000,"Test Slot":"09:00-12:00","Start Minute":120,"End Minute":60},{"Serial No.":8,"Test Center Id":1017,"Test Date":1607472000000,"Test Slot":"09:00-12:00","Start Minute":120,"End Minute":60},{"Serial No.":9,"Test Center Id":1018,"Test Date":1607472000000,"Test Slot":"09:00-12:00","Start Minute":120,"End Minute":60},{"Serial No.":10,"Test Center Id":1019,"Test Date":1607472000000,"Test Slot":"09:00-12:00","Start Minute":120,"End Minute":60},{"Serial No.":11,"Test Center Id":2011,"Test Date":1607472000000,"Test Slot":"09:00-12:00","Start Minute":120,"End Minute":60},{"Serial No.":12,"Test Center Id":2012,"Test Date":1607472000000,"Test Slot":"09:00-12:00","Start Minute":120,"End Minute":60},{"Serial No.":13,"Test Center Id":2013,"Test Date":1607472000000,"Test Slot":"09:00-12:00","Start Minute":120,"End Minute":60},{"Serial No.":14,"Test Center Id":2014,"Test Date":1607472000000,"Test Slot":"09:00-12:00","Start Minute":120,"End Minute":60},{"Serial No.":15,"Test Center Id":2015,"Test Date":1607472000000,"Test Slot":"09:00-12:00","Start Minute":120,"End Minute":60},{"Serial No.":16,"Test Center Id":3010,"Test Date":1607472000000,"Test Slot":"09:00-12:00","Start Minute":120,"End Minute":60},{"Serial No.":17,"Test Center Id":3011,"Test Date":1607472000000,"Test Slot":"09:00-12:00","Start Minute":120,"End Minute":60},{"Serial No.":18,"Test Center Id":3012,"Test Date":1607472000000,"Test Slot":"09:00-12:00","Start Minute":120,"End Minute":60},{"Serial No.":19,"Test Center Id":3013,"Test Date":1607472000000,"Test Slot":"09:00-12:00","Start Minute":120,"End Minute":60},{"Serial No.":20,"Test Center Id":3014,"Test Date":1607472000000,"Test Slot":"09:00-12:00","Start Minute":120,"End Minute":60},{"Serial No.":21,"Test Center Id":3015,"Test Date":1607472000000,"Test Slot":"09:00-12:00","Start Minute":120,"End Minute":60},{"Serial No.":22,"Test Center Id":3016,"Test Date":1607472000000,"Test Slot":"09:00-12:00","Start Minute":120,"End Minute":60},{"Serial No.":23,"Test Center Id":3017,"Test Date":1607472000000,"Test Slot":"09:00-12:00","Start Minute":120,"End Minute":60},{"Serial No.":24,"Test Center Id":3018,"Test Date":1607472000000,"Test Slot":"09:00-12:00","Start Minute":120,"End Minute":60},{"Serial No.":25,"Test Center Id":3019,"Test Date":1607472000000,"Test Slot":"09:00-12:00","Start Minute":120,"End Minute":60},{"Serial No.":26,"Test Center Id":3020,"Test Date":1607472000000,"Test Slot":"09:00-12:00","Start Minute":120,"End Minute":60},{"Serial No.":27,"Test Center Id":4010,"Test Date":1607472000000,"Test Slot":"09:00-12:00","Start Minute":120,"End Minute":60},{"Serial No.":28,"Test Center Id":4011,"Test Date":1607472000000,"Test Slot":"09:00-12:00","Start Minute":120,"End Minute":60},{"Serial No.":29,"Test Center Id":4012,"Test Date":1607472000000,"Test Slot":"09:00-12:00","Start Minute":120,"End Minute":60},{"Serial No.":30,"Test Center Id":4013,"Test Date":1607472000000,"Test Slot":"09:00-12:00","Start Minute":120,"End Minute":60},{"Serial No.":31,"Test Center Id":4014,"Test Date":1607472000000,"Test Slot":"09:00-12:00","Start Minute":120,"End Minute":60},{"Serial No.":32,"Test Center Id":4015,"Test Date":1607472000000,"Test Slot":"09:00-12:00","Start Minute":120,"End Minute":60},{"Serial No.":33,"Test Center Id":4016,"Test Date":1607472000000,"Test Slot":"09:00-12:00","Start Minute":120,"End Minute":60},{"Serial No.":34,"Test Center Id":4017,"Test Date":1607472000000,"Test Slot":"09:00-12:00","Start Minute":120,"End Minute":60},{"Serial No.":35,"Test Center Id":4018,"Test Date":1607472000000,"Test Slot":"09:00-12:00","Start Minute":120,"End Minute":60},{"Serial No.":36,"Test Center Id":4019,"Test Date":1607472000000,"Test Slot":"09:00-12:00","Start Minute":120,"End Minute":60},{"Serial No.":37,"Test Center Id":4020,"Test Date":1607472000000,"Test Slot":"09:00-12:00","Start Minute":120,"End Minute":60},{"Serial No.":38,"Test Center Id":5011,"Test Date":1607472000000,"Test Slot":"09:00-12:00","Start Minute":120,"End Minute":60},{"Serial No.":39,"Test Center Id":6011,"Test Date":1607472000000,"Test Slot":"09:00-12:00","Start Minute":120,"End Minute":60},{"Serial No.":40,"Test Center Id":6012,"Test Date":1607472000000,"Test Slot":"09:00-12:00","Start Minute":120,"End Minute":60},{"Serial No.":41,"Test Center Id":6013,"Test Date":1607472000000,"Test Slot":"09:00-12:00","Start Minute":120,"End Minute":60},{"Serial No.":42,"Test Center Id":6014,"Test Date":1607472000000,"Test Slot":"09:00-12:00","Start Minute":120,"End Minute":60},{"Serial No.":43,"Test Center Id":7011,"Test Date":1607472000000,"Test Slot":"09:00-12:00","Start Minute":120,"End Minute":60},{"Serial No.":44,"Test Center Id":7012,"Test Date":1607472000000,"Test Slot":"09:00-12:00","Start Minute":120,"End Minute":60},{"Serial No.":45,"Test Center Id":7013,"Test Date":1607472000000,"Test Slot":"09:00-12:00","Start Minute":120,"End Minute":60},{"Serial No.":46,"Test Center Id":8014,"Test Date":1607472000000,"Test Slot":"09:00-12:00","Start Minute":120,"End Minute":60},{"Serial No.":47,"Test Center Id":9011,"Test Date":1607472000000,"Test Slot":"09:00-12:00","Start Minute":120,"End Minute":60},{"Serial No.":48,"Test Center Id":9012,"Test Date":1607472000000,"Test Slot":"09:00-12:00","Start Minute":120,"End Minute":60},{"Serial No.":49,"Test Center Id":1010,"Test Date":1607472000000,"Test Slot":"14:00-17:00","Start Minute":120,"End Minute":60},{"Serial No.":50,"Test Center Id":1011,"Test Date":1607472000000,"Test Slot":"14:00-17:00","Start Minute":120,"End Minute":60},{"Serial No.":51,"Test Center Id":1012,"Test Date":1607472000000,"Test Slot":"14:00-17:00","Start Minute":120,"End Minute":60},{"Serial No.":52,"Test Center Id":1013,"Test Date":1607472000000,"Test Slot":"14:00-17:00","Start Minute":120,"End Minute":60},{"Serial No.":53,"Test Center Id":1014,"Test Date":1607472000000,"Test Slot":"14:00-17:00","Start Minute":120,"End Minute":60},{"Serial No.":54,"Test Center Id":1015,"Test Date":1607472000000,"Test Slot":"14:00-17:00","Start Minute":120,"End Minute":60},{"Serial No.":55,"Test Center Id":1016,"Test Date":1607472000000,"Test Slot":"14:00-17:00","Start Minute":120,"End Minute":60},{"Serial No.":56,"Test Center Id":1017,"Test Date":1607472000000,"Test Slot":"14:00-17:00","Start Minute":120,"End Minute":60},{"Serial No.":57,"Test Center Id":1018,"Test Date":1607472000000,"Test Slot":"14:00-17:00","Start Minute":120,"End Minute":60},{"Serial No.":58,"Test Center Id":1019,"Test Date":1607472000000,"Test Slot":"14:00-17:00","Start Minute":120,"End Minute":60},{"Serial No.":59,"Test Center Id":2011,"Test Date":1607472000000,"Test Slot":"14:00-17:00","Start Minute":120,"End Minute":60},{"Serial No.":60,"Test Center Id":2012,"Test Date":1607472000000,"Test Slot":"14:00-17:00","Start Minute":120,"End Minute":60},{"Serial No.":61,"Test Center Id":2013,"Test Date":1607472000000,"Test Slot":"14:00-17:00","Start Minute":120,"End Minute":60},{"Serial No.":62,"Test Center Id":2014,"Test Date":1607472000000,"Test Slot":"14:00-17:00","Start Minute":120,"End Minute":60},{"Serial No.":63,"Test Center Id":2015,"Test Date":1607472000000,"Test Slot":"14:00-17:00","Start Minute":120,"End Minute":60},{"Serial No.":64,"Test Center Id":3010,"Test Date":1607472000000,"Test Slot":"14:00-17:00","Start Minute":120,"End Minute":60},{"Serial No.":65,"Test Center Id":3011,"Test Date":1607472000000,"Test Slot":"14:00-17:00","Start Minute":120,"End Minute":60},{"Serial No.":66,"Test Center Id":3012,"Test Date":1607472000000,"Test Slot":"14:00-17:00","Start Minute":120,"End Minute":60},{"Serial No.":67,"Test Center Id":3013,"Test Date":1607472000000,"Test Slot":"14:00-17:00","Start Minute":120,"End Minute":60},{"Serial No.":68,"Test Center Id":3014,"Test Date":1607472000000,"Test Slot":"14:00-17:00","Start Minute":120,"End Minute":60},{"Serial No.":69,"Test Center Id":3015,"Test Date":1607472000000,"Test Slot":"14:00-17:00","Start Minute":120,"End Minute":60},{"Serial No.":70,"Test Center Id":3016,"Test Date":1607472000000,"Test Slot":"14:00-17:00","Start Minute":120,"End Minute":60},{"Serial No.":71,"Test Center Id":3017,"Test Date":1607472000000,"Test Slot":"14:00-17:00","Start Minute":120,"End Minute":60},{"Serial No.":72,"Test Center Id":3018,"Test Date":1607472000000,"Test Slot":"14:00-17:00","Start Minute":120,"End Minute":60},{"Serial No.":73,"Test Center Id":3019,"Test Date":1607472000000,"Test Slot":"14:00-17:00","Start Minute":120,"End Minute":60},{"Serial No.":74,"Test Center Id":3020,"Test Date":1607472000000,"Test Slot":"14:00-17:00","Start Minute":120,"End Minute":60},{"Serial No.":75,"Test Center Id":4010,"Test Date":1607472000000,"Test Slot":"14:00-17:00","Start Minute":120,"End Minute":60},{"Serial No.":76,"Test Center Id":4011,"Test Date":1607472000000,"Test Slot":"14:00-17:00","Start Minute":120,"End Minute":60},{"Serial No.":77,"Test Center Id":4012,"Test Date":1607472000000,"Test Slot":"14:00-17:00","Start Minute":120,"End Minute":60},{"Serial No.":78,"Test Center Id":4013,"Test Date":1607472000000,"Test Slot":"14:00-17:00","Start Minute":120,"End Minute":60},{"Serial No.":79,"Test Center Id":4014,"Test Date":1607472000000,"Test Slot":"14:00-17:00","Start Minute":120,"End Minute":60},{"Serial No.":80,"Test Center Id":4015,"Test Date":1607472000000,"Test Slot":"14:00-17:00","Start Minute":120,"End Minute":60},{"Serial No.":81,"Test Center Id":4016,"Test Date":1607472000000,"Test Slot":"14:00-17:00","Start Minute":120,"End Minute":60},{"Serial No.":82,"Test Center Id":4017,"Test Date":1607472000000,"Test Slot":"14:00-17:00","Start Minute":120,"End Minute":60},{"Serial No.":83,"Test Center Id":4018,"Test Date":1607472000000,"Test Slot":"14:00-17:00","Start Minute":120,"End Minute":60},{"Serial No.":84,"Test Center Id":4019,"Test Date":1607472000000,"Test Slot":"14:00-17:00","Start Minute":120,"End Minute":60},{"Serial No.":85,"Test Center Id":4020,"Test Date":1607472000000,"Test Slot":"14:00-17:00","Start Minute":120,"End Minute":60},{"Serial No.":86,"Test Center Id":5011,"Test Date":1607472000000,"Test Slot":"14:00-17:00","Start Minute":120,"End Minute":60},{"Serial No.":87,"Test Center Id":6011,"Test Date":1607472000000,"Test Slot":"14:00-17:00","Start Minute":120,"End Minute":60},{"Serial No.":88,"Test Center Id":6012,"Test Date":1607472000000,"Test Slot":"14:00-17:00","Start Minute":120,"End Minute":60},{"Serial No.":89,"Test Center Id":6013,"Test Date":1607472000000,"Test Slot":"14:00-17:00","Start Minute":120,"End Minute":60},{"Serial No.":90,"Test Center Id":6014,"Test Date":1607472000000,"Test Slot":"14:00-17:00","Start Minute":120,"End Minute":60},{"Serial No.":91,"Test Center Id":7011,"Test Date":1607472000000,"Test Slot":"14:00-17:00","Start Minute":120,"End Minute":60},{"Serial No.":92,"Test Center Id":7012,"Test Date":1607472000000,"Test Slot":"14:00-17:00","Start Minute":120,"End Minute":60},{"Serial No.":93,"Test Center Id":7013,"Test Date":1607472000000,"Test Slot":"14:00-17:00","Start Minute":120,"End Minute":60},{"Serial No.":94,"Test Center Id":8014,"Test Date":1607472000000,"Test Slot":"14:00-17:00","Start Minute":120,"End Minute":60},{"Serial No.":95,"Test Center Id":9011,"Test Date":1607472000000,"Test Slot":"14:00-17:00","Start Minute":120,"End Minute":60},{"Serial No.":96,"Test Center Id":9012,"Test Date":1607472000000,"Test Slot":"14:00-17:00","Start Minute":120,"End Minute":60}]