

{
    "response_code": 1,
    "response_message": "data available",
    "response_text": [
      {
        "PAYOUT_NAME": "Death Claim Annuity",
        "TOTAL_CASES_YTD": "0",
        "PASS_CASES_YTD": "0",
        "FAIL_CASES_YTD": "0",
        "WIP_YTD": "0",
        "TOTAL_CASES_FTM": "0",
        "PASS_CASES_FTM": "0",
        "FAIL_CASES_FTM": "0",
        "WIP_FTM": "0",
        "TOTAL_CASES_FTD": "0",
        "PASS_CASES_FTD": "0",
        "FAIL_CASES_FTD": "0",
        "WIP_FTD": "0"
      },
      {
        "PAYOUT_NAME": "Payout Annuity",
        "TOTAL_CASES_YTD": "0",
        "PASS_CASES_YTD": "0",
        "FAIL_CASES_YTD": "0",
        "WIP_YTD": "0",
        "TOTAL_CASES_FTM": "0",
        "PASS_CASES_FTM": "0",
        "FAIL_CASES_FTM": "0",
        "WIP_FTM": "0",
        "TOTAL_CASES_FTD": "0",
        "PASS_CASES_FTD": "0",
        "FAIL_CASES_FTD": "0",
        "WIP_FTD": "0"
      },
      {
        "PAYOUT_NAME": "Non Ulip Base Death",
       
        "FAIL_CASES_FTM": "0",
        "WIP_FTM": "0",
        "TOTAL_CASES_FTD": "0",
        "PASS_CASES_FTD": "0",
        "FAIL_CASES_FTD": "0",
        "WIP_FTD": "0"
      },
      {
        "PAYOUT_NAME": "Non Ulip VIP Death",
        "TOTAL_CASES_YTD": "31",
        "PASS_CASES_YTD": "29",
        "FAIL_CASES_YTD": "2",
        "WIP_YTD": "0",
        "TOTAL_CASES_FTM": "31",
        "PASS_CASES_FTM": "29",
        "FAIL_CASES_FTM": "2",
        "WIP_FTM": "0",
        "TOTAL_CASES_FTD": "2",
        "PASS_CASES_FTD": "2",
        "FAIL_CASES_FTD": "0",
        "WIP_FTD": "0"
      },
      {
        "PAYOUT_NAME": "Ulip Death",
        "TOTAL_CASES_YTD": "0",
        "PASS_CASES_YTD": "0",
        "FAIL_CASES_YTD": "0",
        "WIP_YTD": "0",
        "TOTAL_CASES_FTM": "0",
        "PASS_CASES_FTM": "0",
        "FAIL_CASES_FTM": "0",
        "WIP_FTM": "0",
        "TOTAL_CASES_FTD": "0",
        "PASS_CASES_FTD": "0",
        "FAIL_CASES_FTD": "0",
        "WIP_FTD": "0"
      },
      {
        "PAYOUT_NAME": "Non Ulip Death Repudiation ",
        "TOTAL_CASES_YTD": "117",
        "PASS_CASES_YTD": "112",
        "FAIL_CASES_YTD": "5",
        "WIP_YTD": "0",
        "TOTAL_CASES_FTM": "117",
        "PASS_CASES_FTM": "112",
        "FAIL_CASES_FTM": "5",
        "WIP_FTM": "0",
        "TOTAL_CASES_FTD": "62",
        "PASS_CASES_FTD": "62",
        "FAIL_CASES_FTD": "0",
        "WIP_FTD": "0"
      },
      {
        "PAYOUT_NAME": "Ulip Death Repudiation",
        "TOTAL_CASES_YTD": "0",
        "PASS_CASES_YTD": "0",
        "FAIL_CASES_YTD": "0",
        "WIP_YTD": "0",
        "TOTAL_CASES_FTM": "0",
        "PASS_CASES_FTM": "0",
        "FAIL_CASES_FTM": "0",
        "WIP_FTM": "0",
        "TOTAL_CASES_FTD": "0",
        "PASS_CASES_FTD": "0",
        "FAIL_CASES_FTD": "0",
        "WIP_FTD": "0"
      },
      {
        "PAYOUT_NAME": "Non Ulip FLC",
        "TOTAL_CASES_YTD": "0",
        "PASS_CASES_YTD": "0",
        "FAIL_CASES_YTD": "0",
        "WIP_YTD": "0",
        "TOTAL_CASES_FTM": "0",
        "PASS_CASES_FTM": "0",
        "FAIL_CASES_FTM": "0",
        "WIP_FTM": "0",
        "TOTAL_CASES_FTD": "0",
        "PASS_CASES_FTD": "0",
        "FAIL_CASES_FTD": "0",
        "WIP_FTD": "0"
      },
      {
        "PAYOUT_NAME": "Ulip FLC",
        "TOTAL_CASES_YTD": "0",
        "PASS_CASES_YTD": "0",
        "FAIL_CASES_YTD": "0",
        "WIP_YTD": "0",
        "TOTAL_CASES_FTM": "0",
        "PASS_CASES_FTM": "0",
        "FAIL_CASES_FTM": "0",
        "WIP_FTM": "0",
        "TOTAL_CASES_FTD": "0",
        "PASS_CASES_FTD": "0",
        "FAIL_CASES_FTD": "0",
        "WIP_FTD": "0"
      },
      {
        "PAYOUT_NAME": "Base LTR",
        "TOTAL_CASES_YTD": "0",
        "PASS_CASES_YTD": "0",
        "FAIL_CASES_YTD": "0",
        "WIP_YTD": "0",
        "TOTAL_CASES_FTM": "0",
        "PASS_CASES_FTM": "0",
        "FAIL_CASES_FTM": "0",
        "WIP_FTM": "0",
        "TOTAL_CASES_FTD": "0",
        "PASS_CASES_FTD": "0",
        "FAIL_CASES_FTD": "0",
        "WIP_FTD": "0"
      },
      {
        "PAYOUT_NAME": "VIP LTR",
        "TOTAL_CASES_YTD": "8",
        "PASS_CASES_YTD": "6",
        "FAIL_CASES_YTD": "2",
        "WIP_YTD": "0",
        "TOTAL_CASES_FTM": "0",
        "PASS_CASES_FTM": "0",
        "FAIL_CASES_FTM": "0",
        "WIP_FTM": "0",
        "TOTAL_CASES_FTD": "0",
        "PASS_CASES_FTD": "0",
        "FAIL_CASES_FTD": "0",
        "WIP_FTD": "0"
      },
      {
        "PAYOUT_NAME": "Non Ulip Maturity",
        "TOTAL_CASES_YTD": "0",
        "PASS_CASES_YTD": "0",
        "FAIL_CASES_YTD": "0",
        "WIP_YTD": "0",
        "TOTAL_CASES_FTM": "0",
        "PASS_CASES_FTM": "0",
        "FAIL_CASES_FTM": "0",
        "WIP_FTM": "0",
        "TOTAL_CASES_FTD": "0",
        "PASS_CASES_FTD": "0",
        "FAIL_CASES_FTD": "0",
        "WIP_FTD": "0"
      },
      {
        "PAYOUT_NAME": "Non Ulip VIP Maturity",
        "TOTAL_CASES_YTD": "0",
        "PASS_CASES_YTD": "0",
        "FAIL_CASES_YTD": "0",
        "WIP_YTD": "0",
        "TOTAL_CASES_FTM": "0",
        "PASS_CASES_FTM": "0",
        "FAIL_CASES_FTM": "0",
        "WIP_FTM": "0",
        "TOTAL_CASES_FTD": "0",
        "PASS_CASES_FTD": "0",
        "FAIL_CASES_FTD": "0",
        "WIP_FTD": "0"
      },
      {
        "PAYOUT_NAME": "Ulip Maturity",
        "TOTAL_CASES_YTD": "0",
        "PASS_CASES_YTD": "0",
        "FAIL_CASES_YTD": "0",
        "WIP_YTD": "0",
        "TOTAL_CASES_FTM": "0",
        "PASS_CASES_FTM": "0",
        "FAIL_CASES_FTM": "0",
        "WIP_FTM": "0",
        "TOTAL_CASES_FTD": "0",
        "PASS_CASES_FTD": "0",
        "FAIL_CASES_FTD": "0",
        "WIP_FTD": "0"
      },
      {
        "PAYOUT_NAME": "Non Ulip Surrender",
        "TOTAL_CASES_YTD": "0",
        "PASS_CASES_YTD": "0",
        "FAIL_CASES_YTD": "0",
        "WIP_YTD": "0",
        "TOTAL_CASES_FTM": "0",
        "PASS_CASES_FTM": "0",
        "FAIL_CASES_FTM": "0",
        "WIP_FTM": "0",
        "TOTAL_CASES_FTD": "0",
        "PASS_CASES_FTD": "0",
        "FAIL_CASES_FTD": "0",
        "WIP_FTD": "0"
      },
      {
        "PAYOUT_NAME": "Ulip Surrender",
        "TOTAL_CASES_YTD": "102",
        "PASS_CASES_YTD": "102",
        "FAIL_CASES_YTD": "0",
        "WIP_YTD": "0",
        "TOTAL_CASES_FTM": "0",
        "PASS_CASES_FTM": "0",
        "FAIL_CASES_FTM": "0",
        "WIP_FTM": "0",
        "TOTAL_CASES_FTD": "0",
        "PASS_CASES_FTD": "0",
        "FAIL_CASES_FTD": "0",
        "WIP_FTD": "0"
      },
      {
        "PAYOUT_NAME": "Ulip INI Surrender",
        "TOTAL_CASES_YTD": "0",
        "PASS_CASES_YTD": "0",
        "FAIL_CASES_YTD": "0",
        "WIP_YTD": "0",
        "TOTAL_CASES_FTM": "0",
        "PASS_CASES_FTM": "0",
        "FAIL_CASES_FTM": "0",
        "WIP_FTM": "0",
        "TOTAL_CASES_FTD": "0",
        "PASS_CASES_FTD": "0",
        "FAIL_CASES_FTD": "0",
        "WIP_FTD": "0"
      }
    ] 


    
  }

  