{
   "response_text":[
      {
         "FREQUENCY":"12",
         "CURR_DATE":"26/06/2022",
         "DOC":"30-09-15",
         "UIN":"111N055V02",
         "GST_INT_DIFF_PREM":"0",
         "LN_MORT_FLAG":"N",
         "LN_MORT_PRD":"0",
         "ISA":"121000",
         "POL_ID":"35QD098573",
         "INT_DIFF_PREM":"0",
         "ID":"1",
         "SYSTEM_GSV":"102399",
         "ACCU_PREMIUM":"96342.8",
         "DEPOSIT_BALANCE":"0",
         "TIME_STAMP":"19:42:24",
         "PPA":"96342.62",
         "BENEFIT_TERM":"10",
         "LOAN_INT_CLR_AMT":"0",
         "AGE":"033",
         "SYSTEM_SSV_FCT":"0.7787",
         "BANK_CHARGES":"0",
         "PLAN_NAME":"EP0037",
         "PURCHASE_PRICE":"96614.84",
         "NET_PAYABLE":"111642",
         "PREMIUM_TERM":"0",
         "LOAN_CLR_AMT":"0",
         "LN_MORT_PRD_FLAG":"N",
         "SYSTEM_CVB_BONUS":"15690.41",
         "SYSTEM_SSV":"111560",
         "CODE":"35",
         "PAYOUT_DATE":"08-09-21",
         "FUP":"2016-09-30 00:00:00",
         "DOS":"07-09-21",
         "SYSTEM_BONUS":"22263.8",
         "POLICY_NO":"35098069209",
         "SUM_ASSURED":"121000",
         "SYSTEM_CVB":"70.475"
      }
   ],
   "response_message":"Successful Output",
   "response_code":1,
   "displayedColumns":
    [ 
     
      "FREQUENCY",
      "UIN",
      "PPA",
      "SUM_ASSURED",
      "NET_PAYABLE",
      "SYSTEM_CVB_BONUS",
         "SYSTEM_SSV",
         "CODE",
         "PAYOUT_DATE",
         "FUP",
         "DOS",
         "INT_DIFF_PREM",
         "ID",
         "SYSTEM_GSV"

    ],
    
"displayedBounusColumns":[
   {
      "FREQUENCY":"12",
         "CURR_DATE":"26/06/2022",
         "DOC":"30-09-15",
         "UIN":"111N055V02",
         "GST_INT_DIFF_PREM":"0",
         "LN_MORT_FLAG":"N",
         "LN_MORT_PRD":"0",
         "ISA":"121000",
         "POL_ID":"35QD098573",
         "INT_DIFF_PREM":"0",
         "ID":"1",
         "SYSTEM_GSV":"102399",
         "ACCU_PREMIUM":"96342.8",
         "DEPOSIT_BALANCE":"0",
         "TIME_STAMP":"19:42:24",
         "PPA":"96342.62",
         "BENEFIT_TERM":"10",
         "LOAN_INT_CLR_AMT":"0",
         "AGE":"033",
         "SYSTEM_SSV_FCT":"0.7787",
         "BANK_CHARGES":"0",
         "PLAN_NAME":"EP0037",
         "PURCHASE_PRICE":"96614.84",
         "NET_PAYABLE":"111642",
         "PREMIUM_TERM":"0",
         "LOAN_CLR_AMT":"0",
         "LN_MORT_PRD_FLAG":"N",
         "SYSTEM_CVB_BONUS":"15690.41",
         "SYSTEM_SSV":"111560",
         "CODE":"35",
         "PAYOUT_DATE":"08-09-21",
         "FUP":"2016-09-30 00:00:00",
         "DOS":"07-09-21",
         "SYSTEM_BONUS":"22263.8",
         "POLICY_NO":"35098069209",
         "SUM_ASSURED":"121000",
         "SYSTEM_CVB":"70.475"
      
   }
]


}